"","Community_ID","percentFlagged"
"1",0,25
"2",1,100
"3",2,77.7777777777778
"4",3,83.3333333333333
"5",4,60
"6",5,100
"7",6,75
"8",7,44.4444444444444
"9",8,75
"10",9,100
"11",10,69.2307692307692
"12",11,61.5384615384615
"13",12,100
"14",13,0
"15",14,90
"16",15,91.6666666666667
"17",16,90
"18",17,90.9090909090909
"19",18,100
"20",19,100
"21",20,100
"22",21,88.8888888888889
"23",22,100
"24",23,0
"25",24,87.5
"26",25,100
"27",26,100
"28",27,80
"29",28,66.6666666666667
"30",29,23.0769230769231
"31",30,50
"32",31,88.8888888888889
"33",32,50
"34",33,57.1428571428571
"35",34,66.6666666666667
"36",35,82.6086956521739
"37",36,100
"38",37,66.6666666666667
"39",38,80
"40",39,100
"41",40,50
"42",41,66.6666666666667
"43",42,100
"44",43,100
"45",44,100
"46",45,50
"47",46,88.8888888888889
"48",47,91.6666666666667
"49",48,100
"50",49,66.6666666666667
"51",50,85.7142857142857
"52",51,85.7142857142857
"53",52,40
"54",53,80
"55",54,100
"56",55,61.5384615384615
"57",56,66.6666666666667
"58",57,66.6666666666667
"59",58,100
"60",59,100
"61",60,100
"62",61,83.3333333333333
"63",62,70
"64",63,53.3333333333333
"65",64,100
"66",65,75
"67",66,57.1428571428571
"68",67,75
"69",68,100
"70",69,100
"71",70,100
"72",71,66.6666666666667
"73",72,71.4285714285714
"74",73,81.8181818181818
"75",74,100
"76",75,100
"77",76,57.1428571428571
"78",77,81.8181818181818
"79",78,100
"80",79,90.9090909090909
"81",80,100
"82",81,100
"83",82,100
"84",83,90
"85",84,80
"86",85,100
"87",86,33.3333333333333
"88",87,87.5
"89",88,33.3333333333333
"90",89,77.7777777777778
"91",90,88.8888888888889
"92",91,50
"93",92,83.3333333333333
"94",93,100
"95",94,78.5714285714286
"96",95,83.3333333333333
"97",96,66.6666666666667
"98",97,88.8888888888889
"99",98,66.6666666666667
"100",99,100
"101",100,80
"102",101,50
"103",102,66.6666666666667
"104",103,0
"105",104,100
"106",105,70
"107",106,80
"108",107,83.3333333333333
"109",108,100
"110",109,100
"111",110,100
"112",111,100
"113",112,50
"114",113,60
"115",114,100
"116",115,88.8888888888889
"117",116,66.6666666666667
"118",117,37.5
"119",118,100
"120",119,100
"121",120,100
"122",121,80
"123",122,75
"124",123,50
"125",124,80
"126",125,87.5
"127",126,60
"128",127,100
"129",128,50
"130",129,20
"131",130,100
"132",131,75
"133",132,100
"134",133,85.7142857142857
"135",134,64.2857142857143
"136",135,100
"137",136,25
"138",137,100
"139",138,50
"140",139,85.7142857142857
"141",140,75
"142",141,33.3333333333333
"143",142,0
"144",143,90
"145",144,57.1428571428571
"146",145,100
"147",146,50
"148",147,66.6666666666667
"149",148,75
"150",149,80
"151",150,100
"152",151,85.7142857142857
"153",152,100
"154",153,80
"155",154,37.5
"156",155,30.7692307692308
"157",156,100
"158",157,50
"159",158,0
"160",159,64.7058823529412
"161",160,85.7142857142857
"162",161,100
"163",162,57.1428571428571
"164",163,0
"165",164,0
"166",165,66.6666666666667
"167",166,76.9230769230769
"168",167,46.6666666666667
"169",168,87.5
"170",169,68.75
"171",170,0
"172",171,76.9230769230769
"173",172,75
"174",173,70
"175",174,15.7894736842105
"176",175,25
"177",176,40
"178",177,0
"179",178,71.4285714285714
"180",179,50
"181",180,90
"182",181,100
"183",182,83.3333333333333
"184",183,80
"185",184,100
"186",185,50
"187",186,80
"188",187,100
"189",188,100
"190",189,70
"191",190,50
"192",191,100
"193",192,87.5
"194",193,80
"195",194,100
"196",195,80
"197",196,87.5
"198",197,100
"199",198,63.6363636363636
"200",199,33.3333333333333
"201",200,100
"202",201,60
"203",202,40
"204",203,50
"205",204,57.1428571428571
"206",205,87.5
"207",206,100
"208",207,80
"209",208,100
"210",209,80
"211",210,88.8888888888889
"212",211,100
"213",212,85.7142857142857
"214",213,100
"215",214,60
"216",215,70
"217",216,80
"218",217,100
"219",218,73.3333333333333
"220",219,100
"221",220,100
"222",221,100
"223",222,80
"224",223,64.7058823529412
"225",224,92.3076923076923
"226",225,42.8571428571429
"227",226,81.8181818181818
"228",227,83.3333333333333
"229",228,100
"230",229,47.3684210526316
"231",230,0
"232",231,33.3333333333333
"233",232,100
"234",233,100
"235",234,66.6666666666667
"236",235,0
"237",236,50
"238",237,0
"239",238,92.3076923076923
"240",239,60
"241",240,100
"242",241,57.1428571428571
"243",242,100
"244",243,93.75
"245",244,33.3333333333333
"246",245,100
"247",246,93.3333333333333
"248",247,92.3076923076923
"249",248,85.7142857142857
"250",249,68.75
"251",250,92.8571428571429
"252",251,100
"253",252,37.5
"254",253,66.6666666666667
"255",254,20
"256",255,72.7272727272727
"257",256,50
"258",257,64.2857142857143
"259",258,71.4285714285714
"260",259,75
"261",260,55.5555555555556
"262",261,77.7777777777778
"263",262,66.6666666666667
"264",263,36.3636363636364
"265",264,83.3333333333333
"266",265,80
"267",266,78.5714285714286
"268",267,87.5
"269",268,0
"270",269,0
"271",270,50
"272",271,85.7142857142857
"273",272,100
"274",273,87.5
"275",274,25
"276",275,100
"277",276,33.3333333333333
"278",277,50
"279",278,85.7142857142857
"280",279,33.3333333333333
"281",280,80
"282",281,100
"283",282,0
"284",283,0
"285",284,80
"286",285,100
"287",286,88.8888888888889
"288",287,100
"289",288,100
"290",289,75
"291",290,77.7777777777778
"292",291,70
"293",292,66.6666666666667
"294",293,100
"295",294,100
"296",295,0
"297",296,78.5714285714286
"298",297,66.6666666666667
"299",298,42.8571428571429
"300",299,100
"301",300,80
"302",301,83.3333333333333
"303",302,60
"304",303,57.1428571428571
"305",304,40
"306",305,75
"307",306,100
"308",307,76.9230769230769
"309",308,75
"310",309,33.3333333333333
"311",310,0
"312",311,50
"313",312,66.6666666666667
"314",313,50
"315",314,66.6666666666667
"316",315,75
"317",316,88.8888888888889
"318",317,66.6666666666667
"319",318,66.6666666666667
"320",319,100
"321",320,16.6666666666667
"322",321,0
"323",322,75
"324",323,77.7777777777778
"325",324,85.7142857142857
"326",325,77.7777777777778
"327",326,0
"328",327,75
"329",328,73.3333333333333
"330",329,70
"331",330,0
"332",331,0
"333",332,85.7142857142857
"334",333,60
"335",334,100
"336",335,100
"337",336,55.5555555555556
"338",337,100
"339",338,62.5
"340",339,50
"341",340,80
"342",341,75
"343",342,75
"344",343,50
"345",344,73.3333333333333
"346",345,100
"347",346,58.3333333333333
"348",347,87.5
"349",348,100
"350",349,0
"351",350,66.6666666666667
"352",351,90.9090909090909
"353",352,58.3333333333333
"354",353,75
"355",354,75
"356",355,100
"357",356,80
"358",357,75
"359",358,50
"360",359,66.6666666666667
"361",360,100
"362",361,100
"363",362,100
"364",363,100
"365",364,77.7777777777778
"366",365,53.8461538461538
"367",366,50
"368",367,50
"369",368,66.6666666666667
"370",369,83.3333333333333
"371",370,80
"372",371,100
"373",372,33.3333333333333
"374",373,90
"375",374,33.3333333333333
"376",375,92.8571428571429
"377",376,75
"378",377,100
"379",378,100
"380",379,71.4285714285714
"381",380,83.3333333333333
"382",381,28.5714285714286
"383",382,66.6666666666667
"384",383,71.4285714285714
"385",384,100
"386",385,86.6666666666667
"387",386,100
"388",387,100
"389",388,53.8461538461538
"390",389,73.3333333333333
"391",390,75
"392",391,85.7142857142857
"393",392,100
"394",393,100
"395",394,50
"396",395,66.6666666666667
"397",396,88.8888888888889
"398",397,50
"399",398,66.6666666666667
"400",399,25
"401",400,0
"402",401,100
"403",402,100
"404",403,76.9230769230769
"405",404,80
"406",405,50
"407",406,100
"408",407,100
"409",408,41.1764705882353
"410",409,100
"411",410,75
"412",411,75
"413",412,100
"414",413,100
"415",414,100
"416",415,100
"417",416,100
"418",417,0
"419",418,66.6666666666667
"420",419,50
"421",420,100
"422",421,100
"423",422,77.7777777777778
"424",423,100
"425",424,100
"426",425,100
"427",426,100
"428",427,100
"429",428,100
"430",429,88.8888888888889
"431",430,100
"432",431,80
"433",432,77.7777777777778
"434",433,66.6666666666667
"435",434,0
"436",435,77.7777777777778
"437",436,100
"438",437,87.5
"439",438,66.6666666666667
"440",439,100
"441",440,100
"442",441,100
"443",442,50
"444",443,63.6363636363636
"445",444,82.3529411764706
"446",445,100
"447",446,85.7142857142857
"448",447,0
"449",448,80
"450",449,80
"451",450,40
"452",451,0
"453",452,41.6666666666667
"454",453,33.3333333333333
"455",454,100
"456",455,84.2105263157895
"457",456,100
"458",457,90
"459",458,85.7142857142857
"460",459,88.8888888888889
"461",460,100
"462",461,80
"463",462,100
"464",463,25
"465",464,85.7142857142857
"466",465,0
"467",466,100
"468",467,28.5714285714286
"469",468,84.6153846153846
"470",469,70
"471",470,100
"472",471,90
"473",472,72.7272727272727
"474",473,100
"475",474,100
"476",475,87.5
"477",476,57.1428571428571
"478",477,83.3333333333333
"479",478,100
"480",479,91.6666666666667
"481",480,71.4285714285714
"482",481,50
"483",482,75
"484",483,50
"485",484,83.3333333333333
"486",485,100
"487",486,80
"488",487,90.9090909090909
"489",488,100
"490",489,100
"491",490,80
"492",491,66.6666666666667
"493",492,92.8571428571429
"494",493,100
"495",494,100
"496",495,0
"497",496,66.6666666666667
"498",497,100
"499",498,93.3333333333333
"500",499,100
"501",500,75
"502",501,80
"503",502,66.6666666666667
"504",503,54.5454545454545
"505",504,0
"506",505,60
"507",506,100
"508",507,50
"509",508,81.8181818181818
"510",509,90
"511",510,63.6363636363636
"512",511,80
"513",512,85.7142857142857
"514",513,75
"515",514,80
"516",515,100
"517",516,0
"518",517,100
"519",518,71.4285714285714
"520",519,88.8888888888889
"521",520,84.6153846153846
"522",521,87.5
"523",522,50
"524",523,84.6153846153846
"525",524,100
"526",525,50
"527",526,87.5
"528",527,50
"529",528,62.5
"530",529,66.6666666666667
"531",530,20
"532",531,100
"533",532,100
"534",533,100
"535",534,70
"536",535,75
"537",536,100
"538",537,73.3333333333333
"539",538,90
"540",539,0
"541",540,50
"542",541,0
"543",542,42.8571428571429
"544",543,100
"545",544,100
"546",545,85.7142857142857
"547",546,33.3333333333333
"548",547,71.4285714285714
"549",548,53.8461538461538
"550",549,85.7142857142857
"551",550,100
"552",551,100
"553",552,90
"554",553,75
"555",554,50
"556",555,50
"557",556,66.6666666666667
"558",557,50
"559",558,83.3333333333333
"560",559,83.3333333333333
"561",560,75
"562",561,76.9230769230769
"563",562,75
"564",563,90.9090909090909
"565",564,50
"566",565,0
"567",566,50
"568",567,0
"569",568,77.7777777777778
"570",569,85.7142857142857
"571",570,100
"572",571,100
"573",572,100
"574",573,80
"575",574,75
"576",575,80
"577",576,76.9230769230769
"578",577,60
"579",578,100
"580",579,100
"581",580,100
"582",581,80
"583",582,66.6666666666667
"584",583,66.6666666666667
"585",584,100
"586",585,83.3333333333333
"587",586,71.4285714285714
"588",587,75
"589",588,0
"590",589,100
"591",590,66.6666666666667
"592",591,100
"593",592,87.5
"594",593,83.3333333333333
"595",594,64.2857142857143
"596",595,83.3333333333333
"597",596,53.8461538461538
"598",597,100
"599",598,33.3333333333333
"600",599,50
"601",600,66.6666666666667
"602",601,42.8571428571429
"603",602,100
"604",603,83.3333333333333
"605",604,16.6666666666667
"606",605,77.7777777777778
"607",606,50
"608",607,80
"609",608,100
"610",609,75
"611",610,50
"612",611,60
"613",612,80
"614",613,87.5
"615",614,100
"616",615,85.7142857142857
"617",616,70
"618",617,28.5714285714286
"619",618,54.5454545454545
"620",619,50
"621",620,100
"622",621,80
"623",622,50
"624",623,100
"625",624,100
"626",625,100
"627",626,100
"628",627,77.7777777777778
"629",628,0
"630",629,75
"631",630,100
"632",631,100
"633",632,90.9090909090909
"634",633,0
"635",634,85.7142857142857
"636",635,0
"637",636,75
"638",637,88.8888888888889
"639",638,50
"640",639,50
"641",640,72.7272727272727
"642",641,0
"643",642,100
"644",643,0
"645",644,100
"646",645,50
"647",646,50
"648",647,100
"649",648,100
"650",649,30
"651",650,87.5
"652",651,77.7777777777778
"653",652,0
"654",653,90
"655",654,58.3333333333333
"656",655,76.9230769230769
"657",656,100
"658",657,83.3333333333333
"659",658,90.9090909090909
"660",659,72.7272727272727
"661",660,0
"662",661,33.3333333333333
"663",662,85.7142857142857
"664",663,85.7142857142857
"665",664,66.6666666666667
"666",665,75
"667",666,66.6666666666667
"668",667,83.3333333333333
"669",668,50
"670",669,66.6666666666667
"671",670,75
"672",671,66.6666666666667
"673",672,66.6666666666667
"674",673,87.5
"675",674,66.6666666666667
"676",675,71.4285714285714
"677",676,50
"678",677,33.3333333333333
"679",678,87.5
"680",679,0
"681",680,100
"682",681,70
"683",682,80
"684",683,77.7777777777778
"685",684,100
"686",685,100
"687",686,85.7142857142857
"688",687,85.7142857142857
"689",688,83.3333333333333
"690",689,100
"691",690,93.75
"692",691,100
"693",692,66.6666666666667
"694",693,81.8181818181818
"695",694,66.6666666666667
"696",695,85.7142857142857
"697",696,100
"698",697,100
"699",698,60
"700",699,62.5
"701",700,71.4285714285714
"702",701,0
"703",702,0
"704",703,100
"705",704,100
"706",705,50
"707",706,91.6666666666667
"708",707,25
"709",708,81.8181818181818
"710",709,92.8571428571429
"711",710,100
"712",711,62.5
"713",712,0
"714",713,100
"715",714,66.6666666666667
"716",715,30
"717",716,100
"718",717,50
"719",718,90.9090909090909
"720",719,88.8888888888889
"721",720,0
"722",721,100
"723",722,57.1428571428571
"724",723,100
"725",724,100
"726",725,50
"727",726,100
"728",727,71.4285714285714
"729",728,88.8888888888889
"730",729,0
"731",730,57.1428571428571
"732",731,88.8888888888889
"733",732,50
"734",733,100
"735",734,87.5
"736",735,100
"737",736,0
"738",737,77.7777777777778
"739",738,100
"740",739,58.3333333333333
"741",740,100
"742",741,88.8888888888889
"743",742,100
"744",743,100
"745",744,100
"746",745,100
"747",746,0
"748",747,90
"749",748,100
"750",749,50
"751",750,72.7272727272727
"752",751,85.7142857142857
"753",752,93.3333333333333
"754",753,100
"755",754,100
"756",755,83.3333333333333
"757",756,0
"758",757,80
"759",758,100
"760",759,80
"761",760,81.8181818181818
"762",761,100
"763",762,100
"764",763,100
"765",764,0
"766",765,0
"767",766,100
"768",767,100
"769",768,66.6666666666667
"770",769,50
"771",770,66.6666666666667
"772",771,50
"773",772,100
"774",773,75
"775",774,20
"776",775,50
"777",776,80
"778",777,62.5
"779",778,66.6666666666667
"780",779,100
"781",780,100
"782",781,0
"783",782,100
"784",783,100
"785",784,33.3333333333333
"786",785,57.1428571428571
"787",786,50
"788",787,66.6666666666667
"789",788,76.9230769230769
"790",789,87.5
"791",790,0
"792",791,71.4285714285714
"793",792,62.5
"794",793,75
"795",794,83.3333333333333
"796",795,100
"797",796,100
"798",797,100
"799",798,100
"800",799,93.3333333333333
"801",800,100
"802",801,100
"803",802,66.6666666666667
"804",803,50
"805",804,0
"806",805,66.6666666666667
"807",806,0
"808",807,100
"809",808,82.3529411764706
"810",809,0
"811",810,90
"812",811,66.6666666666667
"813",812,100
"814",813,33.3333333333333
"815",814,33.3333333333333
"816",815,100
"817",816,100
"818",817,100
"819",818,100
"820",819,25
"821",820,90
"822",821,100
"823",822,100
"824",823,57.1428571428571
"825",824,71.4285714285714
"826",825,100
"827",826,50
"828",827,100
"829",828,0
"830",829,100
"831",830,100
"832",831,100
"833",832,0
"834",833,28.5714285714286
"835",834,80
"836",835,100
"837",836,100
"838",837,100
"839",838,70
"840",839,11.1111111111111
"841",840,66.6666666666667
"842",841,33.3333333333333
"843",842,100
"844",843,78.5714285714286
"845",844,57.1428571428571
"846",845,66.6666666666667
"847",846,58.3333333333333
"848",847,85.7142857142857
"849",848,50
"850",849,80
"851",850,100
"852",851,50
"853",852,100
"854",853,50
"855",854,100
"856",855,0
"857",856,100
"858",857,57.1428571428571
"859",858,20
"860",859,100
"861",860,80
"862",861,66.6666666666667
"863",862,33.3333333333333
"864",863,81.8181818181818
"865",864,60
"866",865,100
"867",866,100
"868",867,93.3333333333333
"869",868,85.7142857142857
"870",869,20
"871",870,71.4285714285714
"872",871,100
"873",872,73.6842105263158
"874",873,66.6666666666667
"875",874,33.3333333333333
"876",875,83.3333333333333
"877",876,50
"878",877,63.6363636363636
"879",878,100
"880",879,100
"881",880,57.1428571428571
"882",881,75
"883",882,100
"884",883,92.3076923076923
"885",884,100
"886",885,100
"887",886,0
"888",887,50
"889",888,87.5
"890",889,0
"891",890,50
"892",891,100
"893",892,92.3076923076923
"894",893,80
"895",894,60
"896",895,0
"897",896,100
"898",897,100
"899",898,77.7777777777778
"900",899,92.3076923076923
"901",900,100
"902",901,80
"903",902,0
"904",903,100
"905",904,0
"906",905,50
"907",906,0
"908",907,50
"909",908,71.4285714285714
"910",909,33.3333333333333
"911",910,75
"912",911,0
"913",912,100
"914",913,100
"915",914,90
"916",915,0
"917",916,75
"918",917,100
"919",918,0
"920",919,71.4285714285714
"921",920,100
"922",921,80
"923",922,100
"924",923,50
"925",924,50
"926",925,66.6666666666667
"927",926,60
"928",927,100
"929",928,100
"930",929,66.6666666666667
"931",930,50
"932",931,0
"933",932,100
"934",933,44.4444444444444
"935",934,85.7142857142857
"936",935,80
"937",936,0
"938",937,100
"939",938,100
"940",939,100
"941",940,100
"942",941,100
"943",942,80
"944",943,83.3333333333333
"945",944,50
"946",945,66.6666666666667
"947",946,81.8181818181818
"948",947,100
"949",948,100
"950",949,33.3333333333333
"951",950,93.3333333333333
"952",951,66.6666666666667
"953",952,100
"954",953,100
"955",954,100
"956",955,100
"957",956,80
"958",957,100
"959",958,0
"960",959,80
"961",960,100
"962",961,25
"963",962,0
"964",963,90
"965",964,0
"966",965,0
"967",966,100
"968",967,100
"969",968,75
"970",969,100
"971",970,100
"972",971,100
"973",972,100
"974",973,100
"975",974,22.2222222222222
"976",975,100
"977",976,33.3333333333333
"978",977,0
"979",978,0
"980",979,85.7142857142857
"981",980,53.3333333333333
"982",981,100
"983",982,60
"984",983,66.6666666666667
"985",984,100
"986",985,100
"987",986,0
"988",987,60
"989",988,62.5
"990",989,100
"991",990,100
"992",991,0
"993",992,80
"994",993,33.3333333333333
"995",994,0
"996",995,100
"997",996,83.3333333333333
"998",997,100
"999",998,50
"1000",999,0
"1001",1000,80
"1002",1001,100
"1003",1002,100
"1004",1003,50
"1005",1004,66.6666666666667
"1006",1005,100
"1007",1006,20
"1008",1007,75
"1009",1008,57.1428571428571
"1010",1009,100
"1011",1010,85.7142857142857
"1012",1011,87.5
"1013",1012,38.4615384615385
"1014",1013,76.9230769230769
"1015",1014,90.9090909090909
"1016",1015,57.1428571428571
"1017",1016,71.4285714285714
"1018",1017,66.6666666666667
"1019",1018,87.5
"1020",1019,57.1428571428571
"1021",1020,88.8888888888889
"1022",1021,100
"1023",1022,75
"1024",1023,20
"1025",1024,33.3333333333333
"1026",1025,50
"1027",1026,100
"1028",1027,100
"1029",1028,50
"1030",1029,80
"1031",1030,100
"1032",1031,83.3333333333333
"1033",1032,77.7777777777778
"1034",1033,100
"1035",1034,100
"1036",1035,92.8571428571429
"1037",1036,50
"1038",1037,83.3333333333333
"1039",1038,75
"1040",1039,100
"1041",1040,75
"1042",1041,100
"1043",1042,83.3333333333333
"1044",1043,66.6666666666667
"1045",1044,0
"1046",1045,60
"1047",1046,40
"1048",1047,88.8888888888889
"1049",1048,77.7777777777778
"1050",1049,80
"1051",1050,0
"1052",1051,70.5882352941177
"1053",1052,75
"1054",1053,100
"1055",1054,50
"1056",1055,50
"1057",1056,66.6666666666667
"1058",1057,100
"1059",1058,33.3333333333333
"1060",1059,100
"1061",1060,50
"1062",1061,90.9090909090909
"1063",1062,50
"1064",1063,100
"1065",1064,50
"1066",1065,75
"1067",1066,92.3076923076923
"1068",1067,33.3333333333333
"1069",1068,100
"1070",1069,50
"1071",1070,100
"1072",1071,0
"1073",1072,62.5
"1074",1073,81.8181818181818
"1075",1074,0
"1076",1075,100
"1077",1076,80
"1078",1077,100
"1079",1078,100
"1080",1079,70
"1081",1080,50
"1082",1081,0
"1083",1082,50
"1084",1083,50
"1085",1084,60
"1086",1085,100
"1087",1086,50
"1088",1087,60
"1089",1088,90.9090909090909
"1090",1089,90.9090909090909
"1091",1090,66.6666666666667
"1092",1091,100
"1093",1092,50
"1094",1093,100
"1095",1094,81.8181818181818
"1096",1095,66.6666666666667
"1097",1096,63.6363636363636
"1098",1097,84.6153846153846
"1099",1098,50
"1100",1099,90.9090909090909
"1101",1100,80
"1102",1101,25
"1103",1102,100
"1104",1103,100
"1105",1104,88.8888888888889
"1106",1105,100
"1107",1106,50
"1108",1107,33.3333333333333
"1109",1108,50
"1110",1109,100
"1111",1110,57.1428571428571
"1112",1111,0
"1113",1112,76.9230769230769
"1114",1113,50
"1115",1114,85.7142857142857
"1116",1115,80
"1117",1116,75
"1118",1117,100
"1119",1118,50
"1120",1119,100
"1121",1120,100
"1122",1121,63.6363636363636
"1123",1122,66.6666666666667
"1124",1123,50
"1125",1124,100
"1126",1125,100
"1127",1126,66.6666666666667
"1128",1127,100
"1129",1128,83.3333333333333
"1130",1129,100
"1131",1130,100
"1132",1131,100
"1133",1132,66.6666666666667
"1134",1133,100
"1135",1134,100
"1136",1135,100
"1137",1136,100
"1138",1137,100
"1139",1138,100
"1140",1139,100
"1141",1140,80
"1142",1141,0
"1143",1142,41.6666666666667
"1144",1143,66.6666666666667
"1145",1144,80
"1146",1145,50
"1147",1146,100
"1148",1147,50
"1149",1148,60
"1150",1149,66.6666666666667
"1151",1150,80
"1152",1151,100
"1153",1152,66.6666666666667
"1154",1153,100
"1155",1154,0
"1156",1155,78.5714285714286
"1157",1156,66.6666666666667
"1158",1157,100
"1159",1158,100
"1160",1159,80
"1161",1160,0
"1162",1161,100
"1163",1162,80
"1164",1163,0
"1165",1164,100
"1166",1165,0
"1167",1166,66.6666666666667
"1168",1167,50
"1169",1168,33.3333333333333
"1170",1169,60
"1171",1170,85.7142857142857
"1172",1171,78.5714285714286
"1173",1172,0
"1174",1173,50
"1175",1174,100
"1176",1175,100
"1177",1176,80
"1178",1177,66.6666666666667
"1179",1178,100
"1180",1179,100
"1181",1180,53.3333333333333
"1182",1181,100
"1183",1182,33.3333333333333
"1184",1183,37.5
"1185",1184,66.6666666666667
"1186",1185,50
"1187",1186,0
"1188",1187,86.6666666666667
"1189",1188,100
"1190",1189,100
"1191",1190,70.5882352941177
"1192",1191,90
"1193",1192,75
"1194",1193,83.3333333333333
"1195",1194,33.3333333333333
"1196",1195,0
"1197",1196,0
"1198",1197,100
"1199",1198,64.2857142857143
"1200",1199,75
"1201",1200,0
"1202",1201,0
"1203",1202,100
"1204",1203,66.6666666666667
"1205",1204,50
"1206",1205,100
"1207",1206,66.6666666666667
"1208",1207,80
"1209",1208,0
"1210",1209,100
"1211",1210,100
"1212",1211,100
"1213",1212,100
"1214",1213,100
"1215",1214,0
"1216",1215,100
"1217",1216,50
"1218",1217,100
"1219",1218,0
"1220",1219,75
"1221",1220,77.7777777777778
"1222",1221,75
"1223",1222,100
"1224",1223,62.5
"1225",1224,100
"1226",1225,0
"1227",1226,25
"1228",1227,50
"1229",1228,37.5
"1230",1229,100
"1231",1230,100
"1232",1231,88.8888888888889
"1233",1232,33.3333333333333
"1234",1233,66.6666666666667
"1235",1234,0
"1236",1235,0
"1237",1236,0
"1238",1237,77.7777777777778
"1239",1238,33.3333333333333
"1240",1239,0
"1241",1240,50
"1242",1241,33.3333333333333
"1243",1242,100
"1244",1243,50
"1245",1244,50
"1246",1245,87.5
"1247",1246,75
"1248",1247,100
"1249",1248,93.3333333333333
"1250",1249,0
"1251",1250,50
"1252",1251,40
"1253",1252,0
"1254",1253,66.6666666666667
"1255",1254,100
"1256",1255,0
"1257",1256,0
"1258",1257,75
"1259",1258,87.5
"1260",1259,0
"1261",1260,100
"1262",1261,100
"1263",1262,71.4285714285714
"1264",1263,66.6666666666667
"1265",1264,0
"1266",1265,100
"1267",1266,72.2222222222222
"1268",1267,100
"1269",1268,66.6666666666667
"1270",1269,100
"1271",1270,0
"1272",1271,100
"1273",1272,100
"1274",1273,100
"1275",1274,50
"1276",1275,100
"1277",1276,50
"1278",1277,100
"1279",1278,50
"1280",1279,0
"1281",1280,50
"1282",1281,50
"1283",1282,33.3333333333333
"1284",1283,100
"1285",1284,100
"1286",1285,50
"1287",1286,33.3333333333333
"1288",1287,83.3333333333333
"1289",1288,100
"1290",1289,100
"1291",1290,100
"1292",1291,100
"1293",1292,75
"1294",1293,50
"1295",1294,100
"1296",1295,50
"1297",1296,50
"1298",1297,100
"1299",1298,0
"1300",1299,66.6666666666667
"1301",1300,100
"1302",1301,100
"1303",1302,100
"1304",1303,100
"1305",1304,75
"1306",1305,33.3333333333333
"1307",1306,100
"1308",1307,0
"1309",1308,75
"1310",1309,100
"1311",1310,100
"1312",1311,85.7142857142857
"1313",1312,100
"1314",1313,71.4285714285714
"1315",1314,100
"1316",1315,100
"1317",1316,100
"1318",1317,75
"1319",1318,75
"1320",1319,100
"1321",1320,100
"1322",1321,85.7142857142857
"1323",1322,100
"1324",1323,100
"1325",1324,100
"1326",1325,100
"1327",1326,90
"1328",1327,50
"1329",1328,100
"1330",1329,100
"1331",1330,50
"1332",1331,66.6666666666667
"1333",1332,87.5
"1334",1333,71.4285714285714
"1335",1334,66.6666666666667
"1336",1335,50
"1337",1336,50
"1338",1337,0
"1339",1338,0
"1340",1339,33.3333333333333
"1341",1340,100
"1342",1341,75
"1343",1342,50
"1344",1343,100
"1345",1344,83.3333333333333
"1346",1345,66.6666666666667
"1347",1346,80
"1348",1347,0
"1349",1348,100
"1350",1349,0
"1351",1350,100
"1352",1351,0
"1353",1352,100
"1354",1353,100
"1355",1354,100
"1356",1355,100
"1357",1356,100
"1358",1357,71.4285714285714
"1359",1358,25
"1360",1359,0
"1361",1360,57.1428571428571
"1362",1361,100
"1363",1362,50
"1364",1363,80
"1365",1364,100
"1366",1365,50
"1367",1366,0
"1368",1367,75
"1369",1368,33.3333333333333
"1370",1369,100
"1371",1370,0
"1372",1371,71.4285714285714
"1373",1372,0
"1374",1373,100
"1375",1374,66.6666666666667
"1376",1375,0
"1377",1376,87.5
"1378",1377,33.3333333333333
"1379",1378,100
"1380",1379,100
"1381",1380,50
"1382",1381,50
"1383",1382,66.6666666666667
"1384",1383,87.5
"1385",1384,100
"1386",1385,100
"1387",1386,100
"1388",1387,0
"1389",1388,90.9090909090909
"1390",1389,62.5
"1391",1390,0
"1392",1391,88.8888888888889
"1393",1392,100
"1394",1393,100
"1395",1394,77.7777777777778
"1396",1395,100
"1397",1396,100
"1398",1397,100
"1399",1398,0
"1400",1399,100
"1401",1400,11.1111111111111
"1402",1401,50
"1403",1402,83.3333333333333
"1404",1403,60
"1405",1404,100
"1406",1405,83.3333333333333
"1407",1406,33.3333333333333
"1408",1407,100
"1409",1408,50
"1410",1409,0
"1411",1410,42.8571428571429
"1412",1411,50
"1413",1412,88.8888888888889
"1414",1413,100
"1415",1414,33.3333333333333
"1416",1415,50
"1417",1416,81.8181818181818
"1418",1417,100
"1419",1418,0
"1420",1419,16.6666666666667
"1421",1420,100
"1422",1421,14.2857142857143
"1423",1422,100
"1424",1423,0
"1425",1424,85.7142857142857
"1426",1425,50
"1427",1426,100
"1428",1427,0
"1429",1428,100
"1430",1429,100
"1431",1430,50
"1432",1431,0
"1433",1432,50
"1434",1433,55.5555555555556
"1435",1434,0
"1436",1435,100
"1437",1436,83.3333333333333
"1438",1437,0
"1439",1438,100
"1440",1439,0
"1441",1440,50
"1442",1441,0
"1443",1442,0
"1444",1443,33.3333333333333
"1445",1444,100
"1446",1445,0
"1447",1446,100
"1448",1447,100
"1449",1448,0
"1450",1449,60
"1451",1450,71.4285714285714
"1452",1451,100
"1453",1452,100
"1454",1453,100
"1455",1454,100
"1456",1455,0
"1457",1456,100
"1458",1457,75
"1459",1458,75
"1460",1459,50
"1461",1460,0
"1462",1461,100
"1463",1462,50
"1464",1463,100
"1465",1464,100
"1466",1465,100
"1467",1466,100
"1468",1467,0
"1469",1468,100
"1470",1469,100
"1471",1470,100
"1472",1471,100
"1473",1472,0
"1474",1473,50
"1475",1474,100
"1476",1475,20
"1477",1476,0
"1478",1477,100
"1479",1478,83.3333333333333
"1480",1479,100
"1481",1480,100
"1482",1481,50
"1483",1482,100
"1484",1483,62.5
"1485",1484,75
"1486",1485,0
"1487",1486,100
"1488",1487,33.3333333333333
"1489",1488,50
"1490",1489,100
"1491",1490,50
"1492",1491,80
"1493",1492,100
"1494",1493,85.7142857142857
"1495",1494,100
"1496",1495,100
"1497",1496,50
"1498",1497,0
"1499",1498,100
"1500",1499,50
"1501",1500,66.6666666666667
"1502",1501,100
"1503",1502,50
"1504",1503,66.6666666666667
"1505",1504,100
"1506",1505,100
"1507",1506,50
"1508",1507,100
"1509",1508,87.5
"1510",1509,50
"1511",1510,100
"1512",1511,50
"1513",1512,50
"1514",1513,50
"1515",1514,25
"1516",1515,100
"1517",1516,100
"1518",1517,50
"1519",1518,0
"1520",1519,50
"1521",1520,50
"1522",1521,0
"1523",1522,0
"1524",1523,100
"1525",1524,100
"1526",1525,57.1428571428571
"1527",1526,50
"1528",1527,100
"1529",1528,60
"1530",1529,66.6666666666667
"1531",1530,50
"1532",1531,25
"1533",1532,33.3333333333333
"1534",1533,11.1111111111111
"1535",1534,50
"1536",1535,60
"1537",1536,75
"1538",1537,50
"1539",1538,57.1428571428571
"1540",1539,50
"1541",1540,0
"1542",1541,88.8888888888889
"1543",1542,80
"1544",1543,0
"1545",1544,100
"1546",1545,50
"1547",1546,0
"1548",1547,100
"1549",1548,75
"1550",1549,0
"1551",1550,100
"1552",1551,66.6666666666667
"1553",1552,60
"1554",1553,100
"1555",1554,0
"1556",1555,0
"1557",1556,42.8571428571429
"1558",1557,100
"1559",1558,14.2857142857143
"1560",1559,0
"1561",1560,75
"1562",1561,50
"1563",1562,0
"1564",1563,100
"1565",1564,100
"1566",1565,61.5384615384615
"1567",1566,85.7142857142857
"1568",1567,50
"1569",1568,0
"1570",1569,100
"1571",1570,66.6666666666667
"1572",1571,0
"1573",1572,88.8888888888889
"1574",1573,100
"1575",1574,100
"1576",1575,0
"1577",1576,50
"1578",1577,64.2857142857143
"1579",1578,50
"1580",1579,0
"1581",1580,0
"1582",1581,37.5
"1583",1582,100
"1584",1583,0
"1585",1584,100
"1586",1585,50
"1587",1586,100
"1588",1587,0
"1589",1588,50
"1590",1589,0
"1591",1590,0
"1592",1591,0
"1593",1592,66.6666666666667
"1594",1593,50
"1595",1594,75
"1596",1595,80
"1597",1596,40
"1598",1597,0
"1599",1598,100
"1600",1599,100
"1601",1600,50
"1602",1601,100
"1603",1602,100
"1604",1603,66.6666666666667
"1605",1604,83.3333333333333
"1606",1605,100
"1607",1606,80
"1608",1607,66.6666666666667
"1609",1608,0
"1610",1609,100
"1611",1610,100
"1612",1611,50
"1613",1612,50
"1614",1613,50
"1615",1614,75
"1616",1615,100
"1617",1616,100
"1618",1617,100
"1619",1618,100
"1620",1619,100
"1621",1620,0
"1622",1621,100
"1623",1622,61.5384615384615
"1624",1623,50
"1625",1624,71.4285714285714
"1626",1625,100
"1627",1626,50
"1628",1627,50
"1629",1628,50
"1630",1629,0
"1631",1630,100
"1632",1631,100
"1633",1632,50
"1634",1633,66.6666666666667
"1635",1634,0
"1636",1635,50
"1637",1636,60
"1638",1637,100
"1639",1638,75
"1640",1639,100
"1641",1640,50
"1642",1641,33.3333333333333
"1643",1642,100
"1644",1643,33.3333333333333
"1645",1644,100
"1646",1645,100
"1647",1646,0
"1648",1647,66.6666666666667
"1649",1648,100
"1650",1649,33.3333333333333
"1651",1650,100
"1652",1651,50
"1653",1652,0
"1654",1653,100
"1655",1654,50
"1656",1655,50
"1657",1656,100
"1658",1657,0
"1659",1658,33.3333333333333
"1660",1659,66.6666666666667
"1661",1660,50
"1662",1661,100
"1663",1662,33.3333333333333
"1664",1663,0
"1665",1664,50
"1666",1665,50
"1667",1666,20
"1668",1667,50
"1669",1668,50
"1670",1669,75
"1671",1670,100
"1672",1671,0
"1673",1672,0
"1674",1673,100
"1675",1674,100
"1676",1675,20
"1677",1676,66.6666666666667
"1678",1677,50
"1679",1678,20
"1680",1679,0
"1681",1680,50
"1682",1681,0
"1683",1682,25
"1684",1683,0
"1685",1684,100
"1686",1685,50
"1687",1686,100
"1688",1687,100
"1689",1688,0
"1690",1689,87.5
"1691",1690,0
"1692",1691,50
"1693",1692,0
"1694",1693,0
"1695",1694,71.4285714285714
"1696",1695,100
"1697",1696,100
"1698",1697,100
"1699",1698,0
"1700",1699,100
"1701",1700,0
"1702",1701,50
"1703",1702,50
"1704",1703,100
"1705",1704,100
"1706",1705,0
"1707",1706,50
"1708",1707,50
"1709",1708,100
"1710",1709,50
"1711",1710,0
"1712",1711,50
"1713",1712,0
"1714",1713,83.3333333333333
"1715",1714,100
"1716",1715,100
"1717",1716,50
"1718",1717,90.9090909090909
"1719",1718,100
"1720",1719,50
"1721",1720,100
"1722",1721,100
"1723",1722,100
"1724",1723,100
"1725",1724,88.8888888888889
"1726",1725,75
"1727",1726,85.7142857142857
"1728",1727,100
"1729",1728,100
"1730",1729,0
"1731",1730,100
"1732",1731,100
"1733",1732,100
"1734",1733,50
"1735",1734,0
"1736",1735,100
"1737",1736,50
"1738",1737,100
"1739",1738,0
"1740",1739,100
"1741",1740,75
"1742",1741,100
"1743",1742,100
"1744",1743,50
"1745",1744,50
"1746",1745,0
"1747",1746,0
"1748",1747,50
"1749",1748,100
"1750",1749,100
"1751",1750,33.3333333333333
"1752",1751,0
"1753",1752,33.3333333333333
"1754",1753,50
"1755",1754,0
"1756",1755,90
"1757",1756,100
"1758",1757,100
"1759",1758,0
"1760",1759,100
"1761",1760,100
"1762",1761,0
"1763",1762,57.1428571428571
"1764",1763,100
"1765",1764,50
"1766",1765,50
"1767",1766,100
"1768",1767,60
"1769",1768,75
"1770",1769,100
"1771",1770,50
"1772",1771,50
"1773",1772,0
"1774",1773,0
"1775",1774,100
"1776",1775,100
"1777",1776,100
"1778",1777,100
"1779",1778,50
"1780",1779,50
"1781",1780,0
"1782",1781,50
"1783",1782,0
"1784",1783,100
"1785",1784,66.6666666666667
"1786",1785,0
"1787",1786,0
"1788",1787,0
"1789",1788,100
"1790",1789,50
"1791",1790,0
"1792",1791,50
"1793",1792,0
"1794",1793,100
"1795",1794,0
"1796",1795,0
"1797",1796,50
"1798",1797,100
"1799",1798,0
"1800",1799,0
"1801",1800,0
"1802",1801,33.3333333333333
"1803",1802,0
"1804",1803,0
"1805",1804,100
"1806",1805,50
"1807",1806,100
"1808",1807,0
"1809",1808,50
"1810",1809,0
"1811",1810,75
"1812",1811,0
"1813",1812,66.6666666666667
"1814",1813,50
"1815",1814,0
"1816",1815,100
"1817",1816,100
"1818",1817,100
"1819",1818,100
"1820",1819,33.3333333333333
"1821",1820,50
"1822",1821,100
"1823",1822,100
"1824",1823,66.6666666666667
"1825",1824,50
"1826",1825,75
"1827",1826,50
"1828",1827,0
"1829",1828,50
"1830",1829,80
"1831",1830,50
"1832",1831,33.3333333333333
"1833",1832,0
"1834",1833,50
"1835",1834,100
"1836",1835,0
"1837",1836,0
"1838",1837,100
"1839",1838,66.6666666666667
"1840",1839,100
"1841",1840,100
"1842",1841,0
"1843",1842,100
"1844",1843,33.3333333333333
"1845",1844,50
"1846",1845,0
"1847",1846,0
"1848",1847,0
"1849",1848,100
"1850",1849,50
"1851",1850,50
"1852",1851,100
"1853",1852,100
"1854",1853,100
"1855",1854,0
"1856",1855,100
"1857",1856,0
"1858",1857,50
"1859",1858,0
"1860",1859,100
"1861",1860,100
"1862",1861,0
"1863",1862,50
"1864",1863,50
"1865",1864,66.6666666666667
"1866",1865,100
"1867",1866,0
"1868",1867,0
"1869",1868,66.6666666666667
"1870",1869,50
"1871",1870,0
"1872",1871,0
"1873",1872,66.6666666666667
"1874",1873,100
"1875",1874,0
"1876",1875,0
"1877",1876,66.6666666666667
"1878",1877,100
"1879",1878,77.7777777777778
"1880",1879,50
"1881",1880,100
"1882",1881,0
"1883",1882,0
"1884",1883,50
"1885",1884,66.6666666666667
"1886",1885,50
"1887",1886,100
"1888",1887,100
"1889",1888,100
"1890",1889,50
"1891",1890,100
"1892",1891,0
"1893",1892,0
"1894",1893,88.8888888888889
"1895",1894,0
"1896",1895,33.3333333333333
"1897",1896,0
"1898",1897,66.6666666666667
"1899",1898,0
"1900",1899,50
"1901",1900,0
"1902",1901,50
"1903",1902,50
"1904",1903,100
"1905",1904,0
"1906",1905,0
"1907",1906,100
"1908",1907,50
"1909",1908,100
"1910",1909,100
"1911",1910,0
"1912",1911,0
"1913",1912,0
"1914",1913,0
"1915",1914,0
"1916",1915,50
"1917",1916,50
"1918",1917,0
"1919",1918,50
"1920",1919,0
"1921",1920,100
"1922",1921,50
"1923",1922,75
"1924",1923,100
"1925",1924,0
"1926",1925,50
"1927",1926,0
"1928",1927,100
"1929",1928,66.6666666666667
"1930",1929,71.4285714285714
"1931",1930,0
"1932",1931,0
"1933",1932,0
"1934",1933,0
"1935",1934,100
"1936",1935,50
"1937",1936,55.5555555555556
"1938",1937,50
"1939",1938,0
"1940",1939,0
"1941",1940,33.3333333333333
"1942",1941,100
"1943",1942,100
"1944",1943,100
"1945",1944,0
"1946",1945,66.6666666666667
"1947",1946,50
"1948",1947,75
"1949",1948,0
"1950",1949,100
"1951",1950,0
"1952",1951,100
"1953",1952,50
"1954",1953,100
"1955",1954,50
"1956",1955,100
"1957",1956,100
"1958",1957,50
"1959",1958,55.5555555555556
"1960",1959,80
"1961",1960,0
"1962",1961,50
"1963",1962,0
"1964",1963,50
"1965",1964,100
"1966",1965,100
"1967",1966,100
"1968",1967,0
"1969",1968,50
"1970",1969,0
"1971",1970,0
"1972",1971,100
"1973",1972,75
"1974",1973,0
"1975",1974,50
"1976",1975,50
"1977",1976,0
"1978",1977,100
"1979",1978,60
"1980",1979,50
"1981",1980,100
"1982",1981,100
"1983",1982,50
"1984",1983,0
"1985",1984,0
"1986",1985,0
"1987",1986,100
"1988",1987,100
"1989",1988,50
"1990",1989,0
"1991",1990,100
"1992",1991,100
"1993",1992,100
"1994",1993,100
"1995",1994,100
"1996",1995,50
"1997",1996,100
"1998",1997,0
"1999",1998,0
"2000",1999,100
"2001",2000,0
"2002",2001,100
"2003",2002,50
"2004",2003,0
"2005",2004,0
"2006",2005,100
"2007",2006,0
"2008",2007,50
"2009",2008,0
"2010",2009,100
"2011",2010,50
"2012",2011,100
"2013",2012,100
"2014",2013,50
"2015",2014,50
"2016",2015,0
"2017",2016,0
"2018",2017,100
"2019",2018,100
"2020",2019,50
"2021",2020,100
"2022",2021,50
"2023",2022,0
"2024",2023,0
"2025",2024,0
"2026",2025,0
"2027",2026,50
"2028",2027,90
"2029",2028,100
"2030",2029,0
"2031",2030,100
"2032",2031,0
"2033",2032,33.3333333333333
"2034",2033,0
"2035",2034,0
"2036",2035,0
"2037",2036,0
"2038",2037,100
"2039",2038,50
"2040",2039,100
"2041",2040,0
"2042",2041,50
"2043",2042,50
"2044",2043,33.3333333333333
"2045",2044,0
"2046",2045,100
"2047",2046,50
"2048",2047,50
"2049",2048,100
"2050",2049,50
"2051",2050,100
"2052",2051,0
"2053",2052,0
"2054",2053,0
"2055",2054,100
"2056",2055,100
"2057",2056,100
"2058",2057,0
"2059",2058,50
"2060",2059,100
"2061",2060,66.6666666666667
"2062",2061,50
"2063",2062,0
"2064",2063,100
"2065",2064,0
"2066",2065,0
"2067",2066,100
"2068",2067,50
"2069",2068,0
"2070",2069,50
"2071",2070,50
"2072",2071,100
"2073",2072,100
"2074",2073,0
"2075",2074,50
"2076",2075,0
"2077",2076,87.5
"2078",2077,50
"2079",2078,100
"2080",2079,50
"2081",2080,100
"2082",2081,100
"2083",2082,0
"2084",2083,50
"2085",2084,0
"2086",2085,100
"2087",2086,0
"2088",2087,0
"2089",2088,100
"2090",2089,75
"2091",2090,100
"2092",2091,0
"2093",2092,0
"2094",2093,100
"2095",2094,100
"2096",2095,50
"2097",2096,0
"2098",2097,100
"2099",2098,0
"2100",2099,100
"2101",2100,0
"2102",2101,50
"2103",2102,50
"2104",2103,50
"2105",2104,100
"2106",2105,66.6666666666667
"2107",2106,100
"2108",2107,83.3333333333333
"2109",2108,50
"2110",2109,100
"2111",2110,0
"2112",2111,0
"2113",2112,50
"2114",2113,33.3333333333333
"2115",2114,0
"2116",2115,0
"2117",2116,0
"2118",2117,100
"2119",2118,50
"2120",2119,50
"2121",2120,100
"2122",2121,100
"2123",2122,0
"2124",2123,100
"2125",2124,100
"2126",2125,100
"2127",2126,0
"2128",2127,50
"2129",2128,100
"2130",2129,0
"2131",2130,0
"2132",2131,100
"2133",2132,75
"2134",2133,100
"2135",2134,100
"2136",2135,50
"2137",2136,0
"2138",2137,0
"2139",2138,50
"2140",2139,0
"2141",2140,0
"2142",2141,100
"2143",2142,100
"2144",2143,0
"2145",2144,50
"2146",2145,0
"2147",2146,0
"2148",2147,50
"2149",2148,100
"2150",2149,0
"2151",2150,50
"2152",2151,0
"2153",2152,100
"2154",2153,100
"2155",2154,0
"2156",2155,0
"2157",2156,100
"2158",2157,66.6666666666667
"2159",2158,50
"2160",2159,0
"2161",2160,0
"2162",2161,0
"2163",2162,0
"2164",2163,100
"2165",2164,0
"2166",2165,33.3333333333333
"2167",2166,0
"2168",2167,100
"2169",2168,0
"2170",2169,0
"2171",2170,0
"2172",2171,0
"2173",2172,0
"2174",2173,0
"2175",2174,0
"2176",2175,100
"2177",2176,0
"2178",2177,0
"2179",2178,100
"2180",2179,0
"2181",2180,0
"2182",2181,0
"2183",2182,100
"2184",2183,33.3333333333333
"2185",2184,0
"2186",2185,100
"2187",2186,0
"2188",2187,100
"2189",2188,0
"2190",2189,100
"2191",2190,50
"2192",2191,75
"2193",2192,100
"2194",2193,0
"2195",2194,50
"2196",2195,0
"2197",2196,50
"2198",2197,0
"2199",2198,0
"2200",2199,0
"2201",2200,0
"2202",2201,0
"2203",2202,0
"2204",2203,100
"2205",2204,100
"2206",2205,0
"2207",2206,0
"2208",2207,0
"2209",2208,0
"2210",2209,75
"2211",2210,50
"2212",2211,0
"2213",2212,100
"2214",2213,50
"2215",2214,0
"2216",2215,50
"2217",2216,100
"2218",2217,50
"2219",2218,100
"2220",2219,100
"2221",2220,100
"2222",2221,0
"2223",2222,0
"2224",2223,33.3333333333333
"2225",2224,0
"2226",2225,0
"2227",2226,0
"2228",2227,0
"2229",2228,50
"2230",2229,0
"2231",2230,50
"2232",2231,100
"2233",2232,0
"2234",2233,0
"2235",2234,50
"2236",2235,0
"2237",2236,50
"2238",2237,100
"2239",2238,100
"2240",2239,50
"2241",2240,0
"2242",2241,0
"2243",2242,0
"2244",2243,50
"2245",2244,0
"2246",2245,100
"2247",2246,50
"2248",2247,100
"2249",2248,50
"2250",2249,100
"2251",2250,100
"2252",2251,100
"2253",2252,50
"2254",2253,50
"2255",2254,0
"2256",2255,0
"2257",2256,0
"2258",2257,100
"2259",2258,50
"2260",2259,0
"2261",2260,0
"2262",2261,0
"2263",2262,0
"2264",2263,0
"2265",2264,50
"2266",2265,100
"2267",2266,0
"2268",2267,100
"2269",2268,0
"2270",2269,0
"2271",2270,33.3333333333333
"2272",2271,0
"2273",2272,100
"2274",2273,0
"2275",2274,0
"2276",2275,50
"2277",2276,0
"2278",2277,50
"2279",2278,0
"2280",2279,0
"2281",2280,0
"2282",2281,0
"2283",2282,0
"2284",2283,0
"2285",2284,100
"2286",2285,100
"2287",2286,0
"2288",2287,0
"2289",2288,100
"2290",2289,100
"2291",2290,50
"2292",2291,100
"2293",2292,0
"2294",2293,0
"2295",2294,0
"2296",2295,0
"2297",2296,50
"2298",2297,0
"2299",2298,0
"2300",2299,0
"2301",2300,0
"2302",2301,0
"2303",2302,0
"2304",2303,100
"2305",2304,100
"2306",2305,0
"2307",2306,50
"2308",2307,50
"2309",2308,0
"2310",2309,0
"2311",2310,50
"2312",2311,0
"2313",2312,0
"2314",2313,50
"2315",2314,0
"2316",2315,50
"2317",2316,50
"2318",2317,0
"2319",2318,100
"2320",2319,50
"2321",2320,50
"2322",2321,100
"2323",2322,50
"2324",2323,0
"2325",2324,50
"2326",2325,0
"2327",2326,0
"2328",2327,50
"2329",2328,100
"2330",2329,100
"2331",2330,0
"2332",2331,100
"2333",2332,100
"2334",2333,0
"2335",NA,14.7788517215269
